{"cameraMode":{"drawMode":0,"name":"Shaded","section":"Shading Mode"},"sceneLighting":false,"audioPlay":false,"sceneViewState":{"showFog":true,"showMaterialUpdate":false,"showSkybox":false,"showFlares":true,"showImageEffects":true,"showParticleSystems":true},"in2DMode":false,"pivot":{"x":-7.53724479675293,"y":0.6824613809585571,"z":86.00963592529297},"rotation":{"x":-0.007332252338528633,"y":-0.9493594169616699,"z":0.31337353587150576,"w":-0.021835483610630037},"size":2.58212947845459,"orthographic":false}