{"cameraMode":{"drawMode":0,"name":"Shaded","section":"Shading Mode"},"sceneLighting":false,"audioPlay":false,"sceneViewState":{"showFog":true,"showMaterialUpdate":false,"showSkybox":false,"showFlares":true,"showImageEffects":true,"showParticleSystems":true},"in2DMode":false,"pivot":{"x":-2.906975269317627,"y":0.6290518641471863,"z":-2.107396364212036},"rotation":{"x":0.0630238875746727,"y":-0.8775749802589417,"z":0.12028093636035919,"w":0.4598647654056549},"size":5.858716011047363,"orthographic":false}